<xml xmlns:o="urn:schemas-microsoft-com:office:office">
 <o:MainFile HRef="../Design.html"/>
 <o:File HRef="themedata.thmx"/>
 <o:File HRef="colorschememapping.xml"/>
 <o:File HRef="image006.jpg"/>
 <o:File HRef="image012.gif"/>
 <o:File HRef="image009.jpg"/>
 <o:File HRef="image019.jpg"/>
 <o:File HRef="image020.jpg"/>
 <o:File HRef="image021.jpg"/>
 <o:File HRef="image002.jpg"/>
 <o:File HRef="image008.jpg"/>
 <o:File HRef="image016.jpg"/>
 <o:File HRef="image017.jpg"/>
 <o:File HRef="image024.jpg"/>
 <o:File HRef="image025.jpg"/>
 <o:File HRef="image001.jpg"/>
 <o:File HRef="image027.jpg"/>
 <o:File HRef="image010.png"/>
 <o:File HRef="image028.jpg"/>
 <o:File HRef="image004.png"/>
 <o:File HRef="image031.jpg"/>
 <o:File HRef="image011.png"/>
 <o:File HRef="image034.jpg"/>
 <o:File HRef="image013.png"/>
 <o:File HRef="image035.jpg"/>
 <o:File HRef="image015.png"/>
 <o:File HRef="image036.jpg"/>
 <o:File HRef="image007.png"/>
 <o:File HRef="image038.jpg"/>
 <o:File HRef="image003.jpg"/>
 <o:File HRef="image039.jpg"/>
 <o:File HRef="image005.jpg"/>
 <o:File HRef="filelist.xml"/>
</xml>